"","simulationSeeds"
"1",764713549
"2",1214984543
"3",1398008493
"4",2111748848
"5",1453493091
"6",935707628
"7",1972512749
"8",1094671353
"9",866903203
"10",1653975396
"11",1245569141
"12",2050293925
"13",496857274
"14",1338966381
"15",1428281397
"16",144067744
"17",1782118357
"18",1133065314
"19",386519183
"20",927378593
"21",572536959
"22",11386181
"23",12230995
"24",1489036108
"25",616358312
"26",217414073
"27",1145400466
"28",1171302674
"29",1266904840
"30",1309207733
"31",765680225
"32",1415780301
"33",1145548462
"34",1325509238
"35",1636452871
"36",847801708
"37",1451248385
"38",981450100
"39",2016611530
"40",104500204
"41",94114325
"42",679471057
"43",124651157
"44",2095880598
"45",1313000492
"46",602514009
"47",47596370
"48",1193521309
"49",1756845856
"50",1108640009
"51",2034051192
"52",530271636
"53",1361782792
"54",385570956
"55",1588066319
"56",890155194
"57",1361052666
"58",129586713
"59",1021019293
"60",1375308194
"61",1201308024
"62",916919946
"63",394797532
"64",1104494614
"65",756583659
"66",441064918
"67",103788694
"68",38723006
"69",231753238
"70",1436311741
"71",1962909213
"72",1364817732
"73",1817662466
"74",242068397
"75",1059843311
"76",172126521
"77",1505668329
"78",698359730
"79",2090586060
"80",1169745002
"81",2107218635
"82",567868916
"83",325499017
"84",2011282814
"85",1254885982
"86",730319561
"87",1640381854
"88",1553947934
"89",418391718
"90",1600905126
"91",1589655549
"92",682268754
"93",504250638
"94",654722180
"95",1953016937
"96",779462359
"97",2131214109
"98",164817987
"99",606802644
"100",1677606662
"101",961904724
"102",799632060
"103",1434077907
"104",231858219
"105",930967631
"106",321720609
"107",1042641886
"108",60406928
"109",535356866
"110",324294084
"111",1585285572
"112",208882272
"113",1151409876
"114",2020322467
"115",301703405
"116",655928505
"117",1833489034
"118",2064548999
"119",262505205
"120",983172767
"121",1301178220
"122",1995787221
"123",1285987730
"124",1210163790
"125",1243239193
"126",1966110466
"127",907295411
"128",1869743786
"129",412158138
"130",477998086
"131",583755865
"132",1414896255
"133",1474407275
"134",286635962
"135",415068555
"136",170577867
"137",609939137
"138",1254408087
"139",1652093521
"140",654888124
"141",316681471
"142",611092671
"143",1632418412
"144",1874914054
"145",1668187084
"146",763782683
"147",1172014709
"148",138299048
"149",2100741086
"150",189122623
"151",324437610
"152",1717579133
"153",664812872
"154",1106409076
"155",1743734938
"156",1296629676
"157",7499164
"158",783793909
"159",15723379
"160",519043091
"161",2095496390
"162",2073037545
"163",1858646746
"164",874026604
"165",1492550273
"166",1675109476
"167",378337675
"168",1425671823
"169",1323033889
"170",1854452647
"171",1718532983
"172",1728800937
"173",1013679395
"174",891287137
"175",207356742
"176",93411463
"177",245136110
"178",1617677842
"179",1017489180
"180",1358896694
"181",635016151
"182",430081653
"183",1300280365
"184",1392903639
"185",311688410
"186",979227021
"187",270000525
"188",1042014607
"189",1655768753
"190",1791727834
"191",696502089
"192",564207630
"193",274540642
"194",598895664
"195",1641629553
"196",151406551
"197",220948514
"198",318561387
"199",833215860
"200",2114262149
"201",1521246866
"202",661162331
"203",899911201
"204",880258035
"205",2105574523
"206",742571809
"207",1510110900
"208",1765425524
"209",1126099880
"210",51238363
"211",1623939856
"212",1387909941
"213",912437351
"214",434716191
"215",326558004
"216",975501941
"217",1112371523
"218",298819347
"219",880935293
"220",1025016153
"221",917711343
"222",1818064430
"223",1110662033
"224",849113187
"225",68408099
"226",1603866169
"227",1303471626
"228",1191172612
"229",1239507326
"230",1548729020
"231",1137332124
"232",652533304
"233",813626251
"234",1599283939
"235",1712763992
"236",620324444
"237",519759516
"238",45389027
"239",904117794
"240",1774260573
"241",625956770
"242",384718436
"243",1426073293
"244",313540483
"245",1298275986
"246",1606690658
"247",970836179
"248",1365825280
"249",550769032
"250",141712450
"251",1359068298
"252",1067313855
"253",1541678191
"254",1658564291
"255",1996076491
"256",1497060425
"257",1981769927
"258",707256265
"259",2142788640
"260",1516146350
"261",1352078633
"262",1686442538
"263",1699754332
"264",1568978116
"265",395220955
"266",963728399
"267",913582917
"268",611944101
"269",1576472456
"270",375818612
"271",1079689951
"272",1855064042
"273",1791517316
"274",1335085766
"275",669192348
"276",287787871
"277",1668586331
"278",1330245869
"279",1575712119
"280",250808532
"281",783652233
"282",149560694
"283",1811732726
"284",1737829976
"285",1106572175
"286",878321376
"287",746238110
"288",1686259943
"289",913339962
"290",197064315
"291",2090507588
"292",1569140418
"293",923820600
"294",1803508108
"295",92270974
"296",2089841731
"297",815302357
"298",1056937285
"299",1353117469
"300",1906540457
"301",580739094
"302",1422621786
"303",1202602004
"304",140255954
"305",1206988821
"306",654577301
"307",1413864196
"308",921329241
"309",612502408
"310",743247592
"311",1070471848
"312",592795597
"313",183846501
"314",231045379
"315",533544299
"316",384811060
"317",2084279566
"318",1140263854
"319",790512729
"320",279489057
"321",766053464
"322",682925802
"323",1223605888
"324",427101503
"325",544168858
"326",302407249
"327",843346263
"328",1459964464
"329",1440747859
"330",1818296435
"331",1411502238
"332",725581852
"333",1782777398
"334",85988266
"335",1395543113
"336",1815331511
"337",32392751
"338",556352878
"339",1103504983
"340",903437135
"341",2118114586
"342",1602255662
"343",375948282
"344",1293463203
"345",243762785
"346",11585457
"347",958488614
"348",582026217
"349",1757072089
"350",1808313558
"351",1078050812
"352",2117799142
"353",781505576
"354",877686202
"355",2073153075
"356",1210438035
"357",679318509
"358",727206588
"359",914967878
"360",75990845
"361",1470099680
"362",576592807
"363",932779034
"364",430561650
"365",876392563
"366",1095946175
"367",422561863
"368",1911528403
"369",2072972920
"370",687380254
"371",1301218133
"372",1845961734
"373",2136875234
"374",1120560094
"375",506731420
"376",809307852
"377",1250954016
"378",1515588255
"379",279609225
"380",53114841
"381",271830866
"382",517869675
"383",432704450
"384",1100107225
"385",1382324484
"386",1260788316
"387",818669631
"388",443311805
"389",802026018
"390",851956710
"391",601384029
"392",682056087
"393",1381449690
"394",1262372746
"395",1871782010
"396",424698942
"397",1849478931
"398",141859967
"399",1150050447
"400",1488881724
"401",238286079
"402",2099845170
"403",344155375
"404",414634052
"405",729975173
"406",1962957208
"407",844674132
"408",1077903867
"409",940054012
"410",1383759508
"411",423195871
"412",1389175189
"413",1808136179
"414",1531251028
"415",1990748630
"416",1459449484
"417",805833429
"418",1857982155
"419",1004139525
"420",247110381
"421",1787225552
"422",1851657934
"423",933913918
"424",1753798143
"425",1115862853
"426",1675651359
"427",271037676
"428",544664116
"429",1978699646
"430",1267815296
"431",202724365
"432",1164157399
"433",1257844835
"434",1249244909
"435",658127171
"436",1289620943
"437",99835681
"438",2029843269
"439",170985259
"440",1411044591
"441",656707110
"442",1573517680
"443",747745021
"444",1347381125
"445",1892930454
"446",1198271335
"447",2002498062
"448",968250378
"449",93016630
"450",2096610004
"451",353266825
"452",1748810217
"453",478737561
"454",685709473
"455",549411973
"456",1837416021
"457",858996943
"458",2061936276
"459",2140701510
"460",368538567
"461",1851054368
"462",426935377
"463",1674743838
"464",62104650
"465",1639712353
"466",754000074
"467",1270197818
"468",1951633814
"469",1974391713
"470",1378616404
"471",1023108123
"472",1650773182
"473",451421063
"474",1064509829
"475",1758059414
"476",601994508
"477",1256817204
"478",1595981715
"479",2087434199
"480",628991507
"481",1108776442
"482",301306662
"483",1681571221
"484",1522063155
"485",813823766
"486",299243677
"487",1180212293
"488",155572072
"489",1138573002
"490",929016817
"491",1305468591
"492",771055612
"493",441244643
"494",1589117263
"495",597322164
"496",262333319
"497",822907589
"498",884776430
"499",1112208728
"500",719023576
"501",2053749588
"502",960601462
"503",1678215104
"504",1295568890
"505",1892748436
"506",471114168
"507",1684545946
"508",269096258
"509",2125487496
"510",1355374626
"511",809848911
"512",2074146899
"513",1383427565
"514",833854276
"515",254816332
"516",1060008047
"517",1094730870
"518",2115622160
"519",1192122487
"520",1391822954
"521",301842647
"522",1558315190
"523",1856878720
"524",1817780863
"525",2134106920
"526",1983090957
"527",600860545
"528",1553347807
"529",133142913
"530",161608483
"531",525747986
"532",478488190
"533",716913360
"534",1600855565
"535",1170559541
"536",1736539960
"537",10378855
"538",1388804581
"539",2009900878
"540",1395614319
"541",1833298240
"542",183852011
"543",1087372152
"544",1834827868
"545",1829025479
"546",1167251381
"547",181000472
"548",647940693
"549",1040876249
"550",593470961
"551",917761886
"552",1328224927
"553",1044081833
"554",1569796206
"555",128446420
"556",2140855285
"557",34392828
"558",1309479679
"559",1490082961
"560",1657010179
"561",342039458
"562",1402904070
"563",106671580
"564",550057762
"565",1259839882
"566",736360839
"567",1235033982
"568",509354829
"569",953563612
"570",1869499406
"571",1070253554
"572",26444140
"573",1811909833
"574",772531241
"575",964087284
"576",851790534
"577",2056808027
"578",1393312766
"579",612872138
"580",617398407
"581",484590404
"582",1072014084
"583",602619940
"584",120654049
"585",1367849769
"586",1367709991
"587",1113201433
"588",1506771869
"589",1363105857
"590",1061507447
"591",556308897
"592",1837871688
"593",1337750913
"594",294582399
"595",671403176
"596",761442017
"597",1937367373
"598",802582915
"599",1821888464
"600",594079329
"601",1958093634
"602",1047550401
"603",383683585
"604",894659947
"605",779363489
"606",1789799010
"607",862582057
"608",952719248
"609",1965071023
"610",537067219
"611",626988993
"612",690726185
"613",1760308886
"614",1241404409
"615",477694400
"616",1826671354
"617",1906957486
"618",360218462
"619",861080938
"620",6160529
"621",1793562382
"622",1418468910
"623",1124443507
"624",1554922782
"625",1502801249
"626",2011936319
"627",49923826
"628",1830436418
"629",852321956
"630",338991025
"631",1867647803
"632",1761403404
"633",1322011657
"634",1352543889
"635",310686353
"636",765702757
"637",1419273164
"638",173915245
"639",991803222
"640",1109474390
"641",26339249
"642",1235195435
"643",597905991
"644",116910114
"645",954074506
"646",241105133
"647",1464193197
"648",436054062
"649",1878370250
"650",1738908560
"651",673203179
"652",154406669
"653",1045881949
"654",683770670
"655",141516961
"656",1146245372
"657",2046200470
"658",385368804
"659",2103519708
"660",273540553
"661",390016334
"662",1054726144
"663",1940478064
"664",272252652
"665",1315589544
"666",158356518
"667",1595242407
"668",1553663743
"669",1963246689
"670",40570013
"671",534253979
"672",1217489539
"673",1991142602
"674",1311835422
"675",423181181
"676",1422643159
"677",61821636
"678",1411842500
"679",2030144316
"680",1216358414
"681",1260295226
"682",1619074249
"683",1947992055
"684",1689661647
"685",34283992
"686",1339671963
"687",513908973
"688",1358077783
"689",539393121
"690",703227523
"691",1860185526
"692",491217925
"693",302116686
"694",1926852473
"695",1044816389
"696",950103608
"697",309239543
"698",1315288592
"699",50976023
"700",879916569
"701",1119763507
"702",1108126677
"703",1255570251
"704",869177837
"705",1325392306
"706",428852357
"707",712330042
"708",524973621
"709",911039066
"710",251248496
"711",864422692
"712",348211118
"713",1184169986
"714",1136326683
"715",1346931321
"716",790745072
"717",72073730
"718",1519757296
"719",1943947594
"720",987600107
"721",1790019168
"722",594523375
"723",1152232487
"724",2010861120
"725",1009983913
"726",1494660768
"727",1680777686
"728",2138124959
"729",649460985
"730",434561290
"731",142388323
"732",1458862085
"733",1669855598
"734",830592702
"735",229696297
"736",800328130
"737",688868518
"738",1440771497
"739",105181027
"740",1001730780
"741",676978283
"742",1665851136
"743",1984709584
"744",1528114931
"745",495680568
"746",122234446
"747",1264759939
"748",1791961609
"749",1078773200
"750",837396676
"751",774162533
"752",1736712870
"753",940252973
"754",321475668
"755",1925969434
"756",1441552895
"757",1306954800
"758",1627408229
"759",285034328
"760",662205188
"761",415297310
"762",857731207
"763",1568935934
"764",1897870702
"765",973880364
"766",391779666
"767",1508820086
"768",663707852
"769",503874757
"770",662810204
"771",521763365
"772",1060258668
"773",1481625103
"774",3773702
"775",1917284788
"776",1733080165
"777",594586587
"778",1829885552
"779",1224907375
"780",596374504
"781",1002624724
"782",1728211654
"783",587520557
"784",1991641765
"785",270650029
"786",237315219
"787",1780939205
"788",2029333380
"789",348175872
"790",233172033
"791",1164112869
"792",1213555965
"793",1482436650
"794",596992599
"795",664460677
"796",1093746673
"797",1736607043
"798",1207336427
"799",1774214623
"800",596494583
"801",302071948
"802",5410053
"803",1374001050
"804",1989930757
"805",1274962653
"806",1980094910
"807",1607575014
"808",1406984735
"809",224176104
"810",1200089895
"811",661211546
"812",774368706
"813",1699965808
"814",874636005
"815",824927589
"816",149191103
"817",2081454974
"818",587183260
"819",1623190494
"820",300756289
"821",259933676
"822",1478221975
"823",250739816
"824",432884611
"825",1025698554
"826",559197026
"827",1348370918
"828",1813242602
"829",1437782569
"830",1032181039
"831",488520099
"832",804278651
"833",1023673523
"834",364813786
"835",1653771252
"836",1540251131
"837",862706946
"838",1038235544
"839",1020558923
"840",946076869
"841",1811854368
"842",89748203
"843",2068872958
"844",591085075
"845",1519777926
"846",2045117850
"847",1540829449
"848",1956202241
"849",21319394
"850",1532608877
"851",491434477
"852",2004956962
"853",1606294557
"854",1704569860
"855",93875174
"856",1347989324
"857",503719988
"858",1772971634
"859",7507471
"860",937377458
"861",523053408
"862",2133745116
"863",454565459
"864",1159967948
"865",2061432868
"866",379691498
"867",77783666
"868",453279762
"869",802616245
"870",151252889
"871",1376832845
"872",1178145900
"873",824628917
"874",1754905002
"875",1009411500
"876",1280810665
"877",894519408
"878",1663191275
"879",1524184247
"880",605691003
"881",388355427
"882",596474780
"883",2014145737
"884",791982700
"885",1008210447
"886",1368098516
"887",1196395945
"888",884622938
"889",776483392
"890",1825085389
"891",781445761
"892",1304706568
"893",777409249
"894",1474625238
"895",1279464509
"896",1123937060
"897",245199020
"898",865153461
"899",805953937
"900",2074269589
"901",1218291076
"902",1107632250
"903",1170664723
"904",690849940
"905",1984376095
"906",1820006128
"907",1097351747
"908",1599827008
"909",1908356608
"910",1455877744
"911",729588207
"912",690003838
"913",1896428226
"914",268203238
"915",385303699
"916",1217010783
"917",65118212
"918",1467862542
"919",551811148
"920",1616235053
"921",122605863
"922",726255125
"923",1139654476
"924",1271902774
"925",802078967
"926",287695292
"927",643362294
"928",880796952
"929",713977525
"930",1046128050
"931",1755975988
"932",1298539633
"933",679302346
"934",736158506
"935",735949716
"936",2018922227
"937",1060566478
"938",1672155267
"939",955842015
"940",2121482111
"941",1290239
"942",1184093091
"943",485165463
"944",1098788798
"945",1702458027
"946",262894447
"947",211401503
"948",1096740559
"949",1106128827
"950",1265388630
"951",1939648124
"952",815985551
"953",834160744
"954",1357672601
"955",1910078145
"956",995427371
"957",1830853183
"958",348909812
"959",1010227278
"960",1583083968
"961",1384060540
"962",731163408
"963",741225503
"964",1965597880
"965",877562297
"966",644695196
"967",44890496
"968",105893675
"969",2001714174
"970",22499347
"971",1366325069
"972",989242669
"973",652009263
"974",1519045288
"975",1986142126
"976",628602278
"977",360168246
"978",267783720
"979",7218497
"980",1466545425
"981",2093786172
"982",1523545364
"983",523648627
"984",1371291321
"985",1142771192
"986",1361644911
"987",1419570906
"988",2065608767
"989",592884590
"990",761794391
"991",785476662
"992",501064154
"993",2042326754
"994",1714986023
"995",210255113
"996",1878261979
"997",1874419109
"998",635667252
"999",256539480
"1000",922743837
